Fisier,Cluster
ampika.com.html,-1
proapremium.id.html,-1
adeptohomes.com.html,0
1stmortgages.london.html,0
deltadoula.com.html,0
eastbourne.online.html,0
columbiacouncilofneighborhoods.com.html,0
belledermaaesthetics.com.html,0
lagustosavaldebebas.com.html,0
lipolondon.com.html,0
g3rcq.com.html,0
hycareakarui.com.html,0
furniturehutuk.com.html,0
frankieswinebar.com.html,0
flyerfunnelsuk.com.html,0
londonviptaxi.com.html,0
okcis.info.html,0
renewconsultants.com.html,0
renautautomotive.com.html,0
thefoxinnbroadwell.com.html,0
sophrologue-paris14.com.html,0
fieldtech.info.html,0
dvnbysarah.com.html,1
afnanstore.shop.html,1
parascerah.store.html,1
masjidrayaalfalah.id.html,1
juraganstore.shop.html,1
elitemajesty.com.html,1
cosekarang.com.html,1
bersamaetawalin.site.html,1
cameliastore28.my.id.html,1
dhavinastore.com.html,1
etawalinherbalmilk.site.html,1
rakarta.com.html,1
susuetawalinkuid.site.html,1
tulangsendietawalin.site.html,1
coade.icu.html,2
imzcr.me.html,2
omerta-inc.com.html,3
dianessidewalkdeli.com.html,3
